y,id
1.0,20800
1.0,20801
0.0,20802
0.0,20803
0.0,20804
0.0,20805
0.0,20806
0.0,20807
0.0,20808
1.0,20809
0.0,20810
1.0,20811
0.0,20812
1.0,20813
1.0,20814
0.0,20815
1.0,20816
1.0,20817
0.0,20818
0.0,20819
0.0,20820
0.0,20821
0.0,20822
1.0,20823
0.0,20824
0.0,20825
1.0,20826
1.0,20827
0.0,20828
1.0,20829
0.0,20830
0.0,20831
1.0,20832
1.0,20833
1.0,20834
0.0,20835
0.0,20836
0.0,20837
0.0,20838
0.0,20839
1.0,20840
1.0,20841
0.0,20842
1.0,20843
0.0,20844
0.0,20845
0.0,20846
0.0,20847
1.0,20848
0.0,20849
0.0,20850
0.0,20851
0.0,20852
1.0,20853
1.0,20854
0.0,20855
0.0,20856
1.0,20857
1.0,20858
0.0,20859
0.0,20860
0.0,20861
1.0,20862
1.0,20863
0.0,20864
0.0,20865
1.0,20866
1.0,20867
1.0,20868
0.0,20869
0.0,20870
0.0,20871
0.0,20872
0.0,20873
0.0,20874
1.0,20875
0.0,20876
1.0,20877
1.0,20878
0.0,20879
0.0,20880
1.0,20881
1.0,20882
1.0,20883
0.0,20884
0.0,20885
1.0,20886
0.0,20887
0.0,20888
0.0,20889
0.0,20890
1.0,20891
1.0,20892
1.0,20893
1.0,20894
1.0,20895
0.0,20896
1.0,20897
0.0,20898
0.0,20899
1.0,20900
0.0,20901
1.0,20902
1.0,20903
1.0,20904
0.0,20905
1.0,20906
1.0,20907
1.0,20908
1.0,20909
1.0,20910
0.0,20911
0.0,20912
1.0,20913
0.0,20914
0.0,20915
1.0,20916
1.0,20917
0.0,20918
1.0,20919
1.0,20920
0.0,20921
0.0,20922
1.0,20923
1.0,20924
0.0,20925
0.0,20926
0.0,20927
0.0,20928
1.0,20929
1.0,20930
0.0,20931
1.0,20932
1.0,20933
0.0,20934
1.0,20935
1.0,20936
1.0,20937
0.0,20938
0.0,20939
0.0,20940
0.0,20941
1.0,20942
0.0,20943
1.0,20944
1.0,20945
1.0,20946
1.0,20947
1.0,20948
0.0,20949
0.0,20950
0.0,20951
0.0,20952
1.0,20953
0.0,20954
0.0,20955
1.0,20956
0.0,20957
0.0,20958
1.0,20959
0.0,20960
0.0,20961
1.0,20962
0.0,20963
1.0,20964
1.0,20965
0.0,20966
0.0,20967
1.0,20968
0.0,20969
0.0,20970
1.0,20971
0.0,20972
1.0,20973
1.0,20974
1.0,20975
1.0,20976
0.0,20977
0.0,20978
0.0,20979
1.0,20980
1.0,20981
1.0,20982
1.0,20983
1.0,20984
1.0,20985
0.0,20986
0.0,20987
1.0,20988
0.0,20989
0.0,20990
1.0,20991
0.0,20992
1.0,20993
1.0,20994
1.0,20995
0.0,20996
1.0,20997
1.0,20998
0.0,20999
0.0,21000
1.0,21001
1.0,21002
0.0,21003
1.0,21004
0.0,21005
0.0,21006
1.0,21007
0.0,21008
1.0,21009
0.0,21010
0.0,21011
1.0,21012
1.0,21013
0.0,21014
0.0,21015
0.0,21016
0.0,21017
0.0,21018
1.0,21019
0.0,21020
1.0,21021
1.0,21022
0.0,21023
0.0,21024
1.0,21025
0.0,21026
1.0,21027
1.0,21028
1.0,21029
1.0,21030
0.0,21031
0.0,21032
0.0,21033
0.0,21034
1.0,21035
1.0,21036
1.0,21037
0.0,21038
0.0,21039
0.0,21040
0.0,21041
0.0,21042
1.0,21043
0.0,21044
0.0,21045
1.0,21046
0.0,21047
1.0,21048
1.0,21049
1.0,21050
1.0,21051
1.0,21052
0.0,21053
1.0,21054
0.0,21055
0.0,21056
0.0,21057
1.0,21058
0.0,21059
1.0,21060
0.0,21061
1.0,21062
1.0,21063
0.0,21064
1.0,21065
0.0,21066
1.0,21067
0.0,21068
1.0,21069
1.0,21070
0.0,21071
0.0,21072
0.0,21073
1.0,21074
1.0,21075
1.0,21076
1.0,21077
0.0,21078
1.0,21079
0.0,21080
0.0,21081
0.0,21082
1.0,21083
1.0,21084
1.0,21085
0.0,21086
0.0,21087
1.0,21088
1.0,21089
0.0,21090
1.0,21091
0.0,21092
1.0,21093
1.0,21094
1.0,21095
1.0,21096
1.0,21097
1.0,21098
1.0,21099
0.0,21100
0.0,21101
1.0,21102
1.0,21103
0.0,21104
1.0,21105
0.0,21106
0.0,21107
0.0,21108
0.0,21109
1.0,21110
1.0,21111
1.0,21112
0.0,21113
0.0,21114
0.0,21115
1.0,21116
0.0,21117
1.0,21118
1.0,21119
1.0,21120
1.0,21121
1.0,21122
1.0,21123
0.0,21124
0.0,21125
0.0,21126
0.0,21127
1.0,21128
0.0,21129
1.0,21130
1.0,21131
0.0,21132
1.0,21133
0.0,21134
1.0,21135
0.0,21136
0.0,21137
0.0,21138
0.0,21139
1.0,21140
1.0,21141
1.0,21142
0.0,21143
1.0,21144
1.0,21145
0.0,21146
1.0,21147
1.0,21148
0.0,21149
1.0,21150
0.0,21151
1.0,21152
0.0,21153
1.0,21154
1.0,21155
0.0,21156
1.0,21157
1.0,21158
1.0,21159
1.0,21160
0.0,21161
1.0,21162
1.0,21163
0.0,21164
0.0,21165
1.0,21166
0.0,21167
0.0,21168
1.0,21169
0.0,21170
0.0,21171
0.0,21172
0.0,21173
0.0,21174
1.0,21175
0.0,21176
0.0,21177
0.0,21178
1.0,21179
0.0,21180
1.0,21181
0.0,21182
0.0,21183
1.0,21184
1.0,21185
0.0,21186
0.0,21187
0.0,21188
1.0,21189
1.0,21190
1.0,21191
0.0,21192
1.0,21193
1.0,21194
1.0,21195
1.0,21196
1.0,21197
0.0,21198
1.0,21199
1.0,21200
0.0,21201
0.0,21202
1.0,21203
1.0,21204
1.0,21205
1.0,21206
0.0,21207
1.0,21208
0.0,21209
0.0,21210
1.0,21211
1.0,21212
1.0,21213
0.0,21214
0.0,21215
0.0,21216
0.0,21217
1.0,21218
0.0,21219
1.0,21220
1.0,21221
1.0,21222
0.0,21223
0.0,21224
1.0,21225
1.0,21226
0.0,21227
1.0,21228
1.0,21229
1.0,21230
0.0,21231
0.0,21232
0.0,21233
0.0,21234
0.0,21235
0.0,21236
0.0,21237
1.0,21238
0.0,21239
0.0,21240
1.0,21241
0.0,21242
1.0,21243
0.0,21244
1.0,21245
1.0,21246
1.0,21247
0.0,21248
0.0,21249
1.0,21250
1.0,21251
0.0,21252
1.0,21253
1.0,21254
1.0,21255
0.0,21256
1.0,21257
1.0,21258
1.0,21259
0.0,21260
0.0,21261
0.0,21262
1.0,21263
1.0,21264
1.0,21265
1.0,21266
1.0,21267
0.0,21268
1.0,21269
0.0,21270
0.0,21271
1.0,21272
1.0,21273
0.0,21274
1.0,21275
0.0,21276
0.0,21277
0.0,21278
0.0,21279
0.0,21280
0.0,21281
0.0,21282
0.0,21283
0.0,21284
0.0,21285
0.0,21286
1.0,21287
1.0,21288
0.0,21289
0.0,21290
1.0,21291
1.0,21292
1.0,21293
0.0,21294
0.0,21295
0.0,21296
0.0,21297
0.0,21298
1.0,21299
0.0,21300
0.0,21301
1.0,21302
1.0,21303
1.0,21304
0.0,21305
1.0,21306
1.0,21307
1.0,21308
0.0,21309
0.0,21310
1.0,21311
0.0,21312
1.0,21313
0.0,21314
0.0,21315
1.0,21316
0.0,21317
0.0,21318
1.0,21319
1.0,21320
1.0,21321
0.0,21322
1.0,21323
1.0,21324
1.0,21325
0.0,21326
1.0,21327
1.0,21328
0.0,21329
0.0,21330
0.0,21331
0.0,21332
0.0,21333
0.0,21334
0.0,21335
1.0,21336
1.0,21337
0.0,21338
0.0,21339
1.0,21340
0.0,21341
1.0,21342
0.0,21343
0.0,21344
0.0,21345
0.0,21346
1.0,21347
0.0,21348
1.0,21349
0.0,21350
0.0,21351
0.0,21352
0.0,21353
1.0,21354
0.0,21355
1.0,21356
0.0,21357
0.0,21358
1.0,21359
1.0,21360
1.0,21361
1.0,21362
1.0,21363
1.0,21364
1.0,21365
1.0,21366
1.0,21367
0.0,21368
1.0,21369
1.0,21370
0.0,21371
0.0,21372
1.0,21373
1.0,21374
0.0,21375
1.0,21376
0.0,21377
0.0,21378
1.0,21379
0.0,21380
0.0,21381
1.0,21382
0.0,21383
0.0,21384
0.0,21385
1.0,21386
0.0,21387
0.0,21388
0.0,21389
0.0,21390
1.0,21391
1.0,21392
1.0,21393
0.0,21394
0.0,21395
0.0,21396
1.0,21397
0.0,21398
0.0,21399
0.0,21400
1.0,21401
1.0,21402
0.0,21403
1.0,21404
0.0,21405
1.0,21406
0.0,21407
1.0,21408
0.0,21409
0.0,21410
1.0,21411
0.0,21412
0.0,21413
1.0,21414
0.0,21415
0.0,21416
0.0,21417
0.0,21418
0.0,21419
1.0,21420
1.0,21421
0.0,21422
1.0,21423
1.0,21424
1.0,21425
1.0,21426
0.0,21427
1.0,21428
0.0,21429
0.0,21430
0.0,21431
1.0,21432
0.0,21433
0.0,21434
0.0,21435
1.0,21436
1.0,21437
1.0,21438
0.0,21439
1.0,21440
1.0,21441
0.0,21442
1.0,21443
1.0,21444
0.0,21445
0.0,21446
0.0,21447
1.0,21448
1.0,21449
1.0,21450
0.0,21451
1.0,21452
1.0,21453
1.0,21454
0.0,21455
1.0,21456
0.0,21457
1.0,21458
1.0,21459
1.0,21460
1.0,21461
0.0,21462
0.0,21463
0.0,21464
0.0,21465
1.0,21466
1.0,21467
0.0,21468
1.0,21469
0.0,21470
0.0,21471
0.0,21472
1.0,21473
1.0,21474
0.0,21475
1.0,21476
1.0,21477
0.0,21478
1.0,21479
0.0,21480
0.0,21481
1.0,21482
1.0,21483
1.0,21484
0.0,21485
0.0,21486
1.0,21487
1.0,21488
1.0,21489
0.0,21490
1.0,21491
0.0,21492
1.0,21493
1.0,21494
1.0,21495
1.0,21496
1.0,21497
1.0,21498
0.0,21499
0.0,21500
1.0,21501
0.0,21502
1.0,21503
0.0,21504
0.0,21505
0.0,21506
1.0,21507
0.0,21508
0.0,21509
0.0,21510
1.0,21511
1.0,21512
0.0,21513
1.0,21514
1.0,21515
1.0,21516
0.0,21517
1.0,21518
1.0,21519
1.0,21520
1.0,21521
1.0,21522
1.0,21523
1.0,21524
0.0,21525
0.0,21526
0.0,21527
1.0,21528
0.0,21529
0.0,21530
1.0,21531
0.0,21532
1.0,21533
1.0,21534
1.0,21535
0.0,21536
1.0,21537
1.0,21538
1.0,21539
0.0,21540
0.0,21541
0.0,21542
0.0,21543
1.0,21544
1.0,21545
0.0,21546
0.0,21547
0.0,21548
0.0,21549
1.0,21550
0.0,21551
1.0,21552
0.0,21553
1.0,21554
0.0,21555
0.0,21556
0.0,21557
0.0,21558
1.0,21559
1.0,21560
1.0,21561
1.0,21562
1.0,21563
0.0,21564
0.0,21565
0.0,21566
0.0,21567
0.0,21568
0.0,21569
0.0,21570
0.0,21571
1.0,21572
0.0,21573
0.0,21574
1.0,21575
0.0,21576
1.0,21577
1.0,21578
0.0,21579
0.0,21580
1.0,21581
0.0,21582
0.0,21583
1.0,21584
1.0,21585
0.0,21586
1.0,21587
0.0,21588
1.0,21589
0.0,21590
1.0,21591
0.0,21592
0.0,21593
0.0,21594
1.0,21595
1.0,21596
0.0,21597
1.0,21598
1.0,21599
1.0,21600
0.0,21601
1.0,21602
1.0,21603
1.0,21604
0.0,21605
1.0,21606
1.0,21607
0.0,21608
0.0,21609
1.0,21610
1.0,21611
1.0,21612
0.0,21613
1.0,21614
0.0,21615
1.0,21616
1.0,21617
1.0,21618
0.0,21619
1.0,21620
1.0,21621
0.0,21622
0.0,21623
0.0,21624
0.0,21625
1.0,21626
0.0,21627
1.0,21628
0.0,21629
1.0,21630
0.0,21631
0.0,21632
0.0,21633
1.0,21634
0.0,21635
1.0,21636
0.0,21637
0.0,21638
0.0,21639
1.0,21640
1.0,21641
1.0,21642
1.0,21643
0.0,21644
1.0,21645
1.0,21646
1.0,21647
1.0,21648
0.0,21649
1.0,21650
0.0,21651
1.0,21652
0.0,21653
0.0,21654
1.0,21655
0.0,21656
0.0,21657
0.0,21658
0.0,21659
0.0,21660
1.0,21661
1.0,21662
1.0,21663
0.0,21664
0.0,21665
1.0,21666
1.0,21667
0.0,21668
0.0,21669
1.0,21670
1.0,21671
0.0,21672
1.0,21673
0.0,21674
0.0,21675
1.0,21676
1.0,21677
1.0,21678
1.0,21679
1.0,21680
0.0,21681
1.0,21682
0.0,21683
1.0,21684
1.0,21685
1.0,21686
0.0,21687
0.0,21688
0.0,21689
0.0,21690
0.0,21691
0.0,21692
1.0,21693
0.0,21694
1.0,21695
0.0,21696
0.0,21697
1.0,21698
1.0,21699
1.0,21700
1.0,21701
1.0,21702
1.0,21703
0.0,21704
0.0,21705
1.0,21706
0.0,21707
0.0,21708
0.0,21709
1.0,21710
1.0,21711
0.0,21712
1.0,21713
0.0,21714
1.0,21715
0.0,21716
0.0,21717
1.0,21718
1.0,21719
0.0,21720
0.0,21721
1.0,21722
0.0,21723
0.0,21724
0.0,21725
0.0,21726
1.0,21727
0.0,21728
0.0,21729
0.0,21730
1.0,21731
0.0,21732
0.0,21733
1.0,21734
0.0,21735
0.0,21736
1.0,21737
0.0,21738
1.0,21739
0.0,21740
1.0,21741
1.0,21742
1.0,21743
0.0,21744
1.0,21745
0.0,21746
1.0,21747
0.0,21748
0.0,21749
0.0,21750
0.0,21751
0.0,21752
1.0,21753
0.0,21754
1.0,21755
0.0,21756
1.0,21757
0.0,21758
1.0,21759
1.0,21760
0.0,21761
0.0,21762
0.0,21763
0.0,21764
1.0,21765
1.0,21766
0.0,21767
1.0,21768
1.0,21769
1.0,21770
1.0,21771
0.0,21772
0.0,21773
1.0,21774
0.0,21775
0.0,21776
1.0,21777
1.0,21778
0.0,21779
1.0,21780
0.0,21781
0.0,21782
0.0,21783
0.0,21784
0.0,21785
1.0,21786
1.0,21787
0.0,21788
1.0,21789
1.0,21790
1.0,21791
1.0,21792
0.0,21793
1.0,21794
0.0,21795
0.0,21796
1.0,21797
1.0,21798
0.0,21799
0.0,21800
1.0,21801
0.0,21802
0.0,21803
1.0,21804
1.0,21805
1.0,21806
1.0,21807
1.0,21808
1.0,21809
0.0,21810
1.0,21811
1.0,21812
0.0,21813
1.0,21814
1.0,21815
1.0,21816
1.0,21817
0.0,21818
1.0,21819
0.0,21820
1.0,21821
1.0,21822
1.0,21823
0.0,21824
1.0,21825
1.0,21826
1.0,21827
0.0,21828
0.0,21829
1.0,21830
1.0,21831
0.0,21832
1.0,21833
0.0,21834
1.0,21835
0.0,21836
0.0,21837
0.0,21838
0.0,21839
0.0,21840
0.0,21841
0.0,21842
0.0,21843
0.0,21844
0.0,21845
1.0,21846
0.0,21847
0.0,21848
1.0,21849
0.0,21850
1.0,21851
0.0,21852
0.0,21853
1.0,21854
0.0,21855
1.0,21856
0.0,21857
1.0,21858
0.0,21859
1.0,21860
0.0,21861
1.0,21862
0.0,21863
0.0,21864
1.0,21865
1.0,21866
0.0,21867
1.0,21868
0.0,21869
1.0,21870
0.0,21871
1.0,21872
0.0,21873
0.0,21874
0.0,21875
1.0,21876
0.0,21877
1.0,21878
1.0,21879
1.0,21880
1.0,21881
0.0,21882
0.0,21883
0.0,21884
0.0,21885
1.0,21886
1.0,21887
1.0,21888
0.0,21889
1.0,21890
1.0,21891
0.0,21892
0.0,21893
0.0,21894
0.0,21895
0.0,21896
1.0,21897
0.0,21898
0.0,21899
0.0,21900
0.0,21901
1.0,21902
1.0,21903
0.0,21904
0.0,21905
1.0,21906
0.0,21907
0.0,21908
1.0,21909
1.0,21910
1.0,21911
1.0,21912
1.0,21913
1.0,21914
0.0,21915
1.0,21916
0.0,21917
1.0,21918
1.0,21919
1.0,21920
0.0,21921
1.0,21922
1.0,21923
0.0,21924
0.0,21925
1.0,21926
1.0,21927
0.0,21928
1.0,21929
0.0,21930
1.0,21931
1.0,21932
0.0,21933
1.0,21934
0.0,21935
0.0,21936
0.0,21937
0.0,21938
1.0,21939
1.0,21940
1.0,21941
1.0,21942
1.0,21943
0.0,21944
1.0,21945
1.0,21946
0.0,21947
1.0,21948
0.0,21949
0.0,21950
0.0,21951
0.0,21952
1.0,21953
0.0,21954
1.0,21955
1.0,21956
1.0,21957
1.0,21958
1.0,21959
0.0,21960
1.0,21961
0.0,21962
0.0,21963
0.0,21964
1.0,21965
1.0,21966
0.0,21967
1.0,21968
0.0,21969
0.0,21970
0.0,21971
1.0,21972
1.0,21973
1.0,21974
0.0,21975
1.0,21976
1.0,21977
1.0,21978
1.0,21979
1.0,21980
1.0,21981
0.0,21982
1.0,21983
0.0,21984
0.0,21985
1.0,21986
1.0,21987
1.0,21988
0.0,21989
0.0,21990
0.0,21991
1.0,21992
0.0,21993
1.0,21994
0.0,21995
0.0,21996
1.0,21997
1.0,21998
1.0,21999
1.0,22000
1.0,22001
1.0,22002
0.0,22003
1.0,22004
0.0,22005
0.0,22006
0.0,22007
0.0,22008
1.0,22009
0.0,22010
1.0,22011
0.0,22012
1.0,22013
0.0,22014
0.0,22015
0.0,22016
0.0,22017
1.0,22018
1.0,22019
1.0,22020
1.0,22021
0.0,22022
0.0,22023
0.0,22024
0.0,22025
0.0,22026
1.0,22027
1.0,22028
0.0,22029
0.0,22030
1.0,22031
1.0,22032
0.0,22033
1.0,22034
1.0,22035
0.0,22036
0.0,22037
1.0,22038
0.0,22039
0.0,22040
0.0,22041
1.0,22042
1.0,22043
0.0,22044
0.0,22045
0.0,22046
1.0,22047
1.0,22048
0.0,22049
1.0,22050
0.0,22051
1.0,22052
1.0,22053
0.0,22054
0.0,22055
1.0,22056
0.0,22057
1.0,22058
1.0,22059
0.0,22060
0.0,22061
1.0,22062
1.0,22063
1.0,22064
0.0,22065
0.0,22066
0.0,22067
0.0,22068
1.0,22069
0.0,22070
0.0,22071
0.0,22072
1.0,22073
1.0,22074
0.0,22075
0.0,22076
0.0,22077
1.0,22078
1.0,22079
1.0,22080
1.0,22081
1.0,22082
1.0,22083
0.0,22084
1.0,22085
1.0,22086
0.0,22087
1.0,22088
0.0,22089
0.0,22090
0.0,22091
1.0,22092
1.0,22093
1.0,22094
0.0,22095
0.0,22096
0.0,22097
0.0,22098
1.0,22099
0.0,22100
0.0,22101
1.0,22102
1.0,22103
0.0,22104
1.0,22105
1.0,22106
0.0,22107
0.0,22108
1.0,22109
0.0,22110
1.0,22111
0.0,22112
0.0,22113
1.0,22114
1.0,22115
0.0,22116
1.0,22117
1.0,22118
0.0,22119
1.0,22120
0.0,22121
1.0,22122
1.0,22123
0.0,22124
0.0,22125
0.0,22126
1.0,22127
1.0,22128
1.0,22129
1.0,22130
0.0,22131
0.0,22132
0.0,22133
0.0,22134
1.0,22135
0.0,22136
0.0,22137
0.0,22138
0.0,22139
0.0,22140
0.0,22141
0.0,22142
1.0,22143
1.0,22144
1.0,22145
0.0,22146
0.0,22147
1.0,22148
1.0,22149
0.0,22150
1.0,22151
1.0,22152
1.0,22153
0.0,22154
1.0,22155
1.0,22156
0.0,22157
1.0,22158
1.0,22159
1.0,22160
0.0,22161
0.0,22162
0.0,22163
0.0,22164
1.0,22165
0.0,22166
0.0,22167
1.0,22168
1.0,22169
0.0,22170
1.0,22171
0.0,22172
1.0,22173
1.0,22174
0.0,22175
1.0,22176
0.0,22177
0.0,22178
0.0,22179
0.0,22180
0.0,22181
1.0,22182
0.0,22183
1.0,22184
0.0,22185
0.0,22186
0.0,22187
1.0,22188
0.0,22189
0.0,22190
0.0,22191
0.0,22192
1.0,22193
1.0,22194
0.0,22195
1.0,22196
1.0,22197
1.0,22198
0.0,22199
0.0,22200
0.0,22201
1.0,22202
0.0,22203
1.0,22204
0.0,22205
1.0,22206
1.0,22207
1.0,22208
1.0,22209
1.0,22210
0.0,22211
1.0,22212
1.0,22213
0.0,22214
0.0,22215
0.0,22216
1.0,22217
1.0,22218
1.0,22219
1.0,22220
1.0,22221
0.0,22222
0.0,22223
0.0,22224
0.0,22225
1.0,22226
1.0,22227
1.0,22228
0.0,22229
1.0,22230
1.0,22231
0.0,22232
0.0,22233
1.0,22234
0.0,22235
0.0,22236
1.0,22237
1.0,22238
0.0,22239
0.0,22240
0.0,22241
1.0,22242
0.0,22243
1.0,22244
1.0,22245
1.0,22246
0.0,22247
0.0,22248
1.0,22249
1.0,22250
1.0,22251
1.0,22252
1.0,22253
1.0,22254
1.0,22255
1.0,22256
1.0,22257
0.0,22258
1.0,22259
1.0,22260
1.0,22261
0.0,22262
0.0,22263
1.0,22264
1.0,22265
0.0,22266
1.0,22267
1.0,22268
1.0,22269
0.0,22270
1.0,22271
0.0,22272
1.0,22273
1.0,22274
0.0,22275
0.0,22276
1.0,22277
0.0,22278
0.0,22279
0.0,22280
0.0,22281
0.0,22282
0.0,22283
0.0,22284
1.0,22285
1.0,22286
1.0,22287
1.0,22288
0.0,22289
0.0,22290
1.0,22291
0.0,22292
1.0,22293
1.0,22294
0.0,22295
0.0,22296
1.0,22297
1.0,22298
0.0,22299
1.0,22300
0.0,22301
1.0,22302
0.0,22303
0.0,22304
1.0,22305
0.0,22306
1.0,22307
1.0,22308
1.0,22309
1.0,22310
1.0,22311
0.0,22312
1.0,22313
1.0,22314
0.0,22315
1.0,22316
1.0,22317
1.0,22318
0.0,22319
1.0,22320
1.0,22321
0.0,22322
0.0,22323
1.0,22324
1.0,22325
1.0,22326
0.0,22327
0.0,22328
1.0,22329
0.0,22330
1.0,22331
0.0,22332
0.0,22333
1.0,22334
1.0,22335
0.0,22336
1.0,22337
1.0,22338
0.0,22339
0.0,22340
1.0,22341
0.0,22342
0.0,22343
1.0,22344
0.0,22345
1.0,22346
1.0,22347
0.0,22348
1.0,22349
0.0,22350
1.0,22351
1.0,22352
1.0,22353
0.0,22354
1.0,22355
0.0,22356
1.0,22357
1.0,22358
0.0,22359
1.0,22360
0.0,22361
0.0,22362
1.0,22363
0.0,22364
1.0,22365
0.0,22366
1.0,22367
0.0,22368
1.0,22369
1.0,22370
1.0,22371
1.0,22372
0.0,22373
1.0,22374
1.0,22375
0.0,22376
0.0,22377
1.0,22378
0.0,22379
1.0,22380
0.0,22381
0.0,22382
0.0,22383
1.0,22384
0.0,22385
1.0,22386
1.0,22387
0.0,22388
0.0,22389
1.0,22390
1.0,22391
0.0,22392
1.0,22393
1.0,22394
1.0,22395
1.0,22396
0.0,22397
1.0,22398
1.0,22399
1.0,22400
0.0,22401
1.0,22402
1.0,22403
1.0,22404
1.0,22405
0.0,22406
0.0,22407
0.0,22408
0.0,22409
0.0,22410
1.0,22411
1.0,22412
0.0,22413
1.0,22414
0.0,22415
1.0,22416
1.0,22417
1.0,22418
0.0,22419
1.0,22420
1.0,22421
1.0,22422
1.0,22423
0.0,22424
0.0,22425
0.0,22426
0.0,22427
0.0,22428
0.0,22429
0.0,22430
1.0,22431
0.0,22432
1.0,22433
1.0,22434
1.0,22435
0.0,22436
1.0,22437
1.0,22438
0.0,22439
1.0,22440
1.0,22441
1.0,22442
0.0,22443
1.0,22444
0.0,22445
1.0,22446
0.0,22447
1.0,22448
0.0,22449
1.0,22450
0.0,22451
1.0,22452
1.0,22453
0.0,22454
0.0,22455
0.0,22456
1.0,22457
1.0,22458
1.0,22459
1.0,22460
0.0,22461
0.0,22462
0.0,22463
1.0,22464
1.0,22465
0.0,22466
0.0,22467
0.0,22468
1.0,22469
1.0,22470
1.0,22471
0.0,22472
1.0,22473
1.0,22474
1.0,22475
1.0,22476
1.0,22477
0.0,22478
1.0,22479
0.0,22480
0.0,22481
1.0,22482
0.0,22483
0.0,22484
1.0,22485
0.0,22486
1.0,22487
1.0,22488
0.0,22489
0.0,22490
0.0,22491
0.0,22492
1.0,22493
1.0,22494
0.0,22495
0.0,22496
0.0,22497
1.0,22498
1.0,22499
0.0,22500
1.0,22501
0.0,22502
1.0,22503
0.0,22504
0.0,22505
0.0,22506
1.0,22507
0.0,22508
0.0,22509
0.0,22510
1.0,22511
1.0,22512
0.0,22513
1.0,22514
0.0,22515
1.0,22516
1.0,22517
1.0,22518
1.0,22519
1.0,22520
0.0,22521
1.0,22522
1.0,22523
1.0,22524
0.0,22525
0.0,22526
1.0,22527
1.0,22528
1.0,22529
1.0,22530
0.0,22531
0.0,22532
0.0,22533
0.0,22534
0.0,22535
0.0,22536
0.0,22537
0.0,22538
1.0,22539
0.0,22540
1.0,22541
0.0,22542
1.0,22543
0.0,22544
0.0,22545
1.0,22546
0.0,22547
0.0,22548
0.0,22549
1.0,22550
1.0,22551
1.0,22552
1.0,22553
1.0,22554
1.0,22555
1.0,22556
1.0,22557
0.0,22558
0.0,22559
1.0,22560
0.0,22561
0.0,22562
0.0,22563
1.0,22564
0.0,22565
1.0,22566
1.0,22567
0.0,22568
0.0,22569
1.0,22570
0.0,22571
0.0,22572
1.0,22573
0.0,22574
1.0,22575
1.0,22576
1.0,22577
0.0,22578
0.0,22579
1.0,22580
1.0,22581
0.0,22582
1.0,22583
0.0,22584
1.0,22585
1.0,22586
1.0,22587
1.0,22588
0.0,22589
0.0,22590
0.0,22591
0.0,22592
1.0,22593
0.0,22594
0.0,22595
0.0,22596
1.0,22597
1.0,22598
1.0,22599
1.0,22600
0.0,22601
1.0,22602
1.0,22603
1.0,22604
1.0,22605
1.0,22606
1.0,22607
0.0,22608
1.0,22609
1.0,22610
0.0,22611
0.0,22612
0.0,22613
0.0,22614
1.0,22615
0.0,22616
1.0,22617
1.0,22618
1.0,22619
1.0,22620
0.0,22621
1.0,22622
1.0,22623
0.0,22624
0.0,22625
0.0,22626
0.0,22627
0.0,22628
1.0,22629
1.0,22630
0.0,22631
0.0,22632
1.0,22633
0.0,22634
0.0,22635
0.0,22636
1.0,22637
0.0,22638
1.0,22639
0.0,22640
0.0,22641
1.0,22642
0.0,22643
0.0,22644
1.0,22645
0.0,22646
0.0,22647
1.0,22648
1.0,22649
1.0,22650
0.0,22651
0.0,22652
1.0,22653
0.0,22654
1.0,22655
1.0,22656
1.0,22657
0.0,22658
1.0,22659
1.0,22660
0.0,22661
1.0,22662
1.0,22663
1.0,22664
1.0,22665
1.0,22666
1.0,22667
0.0,22668
0.0,22669
1.0,22670
0.0,22671
0.0,22672
0.0,22673
0.0,22674
0.0,22675
0.0,22676
0.0,22677
1.0,22678
0.0,22679
0.0,22680
0.0,22681
0.0,22682
1.0,22683
0.0,22684
1.0,22685
1.0,22686
0.0,22687
0.0,22688
1.0,22689
0.0,22690
0.0,22691
0.0,22692
1.0,22693
0.0,22694
1.0,22695
0.0,22696
1.0,22697
1.0,22698
1.0,22699
1.0,22700
1.0,22701
0.0,22702
1.0,22703
1.0,22704
1.0,22705
1.0,22706
1.0,22707
0.0,22708
0.0,22709
1.0,22710
0.0,22711
1.0,22712
1.0,22713
0.0,22714
0.0,22715
1.0,22716
0.0,22717
0.0,22718
0.0,22719
1.0,22720
1.0,22721
0.0,22722
0.0,22723
0.0,22724
0.0,22725
0.0,22726
0.0,22727
0.0,22728
0.0,22729
1.0,22730
1.0,22731
1.0,22732
1.0,22733
1.0,22734
1.0,22735
1.0,22736
1.0,22737
1.0,22738
1.0,22739
1.0,22740
1.0,22741
1.0,22742
1.0,22743
0.0,22744
0.0,22745
0.0,22746
0.0,22747
0.0,22748
1.0,22749
0.0,22750
1.0,22751
1.0,22752
1.0,22753
1.0,22754
0.0,22755
1.0,22756
0.0,22757
1.0,22758
0.0,22759
1.0,22760
1.0,22761
1.0,22762
0.0,22763
1.0,22764
1.0,22765
0.0,22766
1.0,22767
1.0,22768
0.0,22769
0.0,22770
0.0,22771
0.0,22772
1.0,22773
1.0,22774
1.0,22775
0.0,22776
1.0,22777
1.0,22778
0.0,22779
1.0,22780
0.0,22781
1.0,22782
0.0,22783
0.0,22784
1.0,22785
0.0,22786
1.0,22787
1.0,22788
0.0,22789
0.0,22790
1.0,22791
0.0,22792
0.0,22793
1.0,22794
1.0,22795
0.0,22796
0.0,22797
0.0,22798
0.0,22799
1.0,22800
1.0,22801
1.0,22802
0.0,22803
1.0,22804
1.0,22805
1.0,22806
0.0,22807
1.0,22808
1.0,22809
1.0,22810
1.0,22811
1.0,22812
1.0,22813
0.0,22814
1.0,22815
0.0,22816
0.0,22817
1.0,22818
1.0,22819
1.0,22820
0.0,22821
0.0,22822
0.0,22823
1.0,22824
0.0,22825
1.0,22826
0.0,22827
0.0,22828
0.0,22829
1.0,22830
1.0,22831
0.0,22832
1.0,22833
0.0,22834
1.0,22835
0.0,22836
1.0,22837
0.0,22838
1.0,22839
0.0,22840
1.0,22841
0.0,22842
0.0,22843
0.0,22844
0.0,22845
0.0,22846
0.0,22847
1.0,22848
0.0,22849
1.0,22850
1.0,22851
0.0,22852
1.0,22853
0.0,22854
0.0,22855
0.0,22856
1.0,22857
0.0,22858
0.0,22859
1.0,22860
0.0,22861
1.0,22862
0.0,22863
1.0,22864
1.0,22865
0.0,22866
0.0,22867
0.0,22868
1.0,22869
0.0,22870
0.0,22871
1.0,22872
0.0,22873
1.0,22874
1.0,22875
1.0,22876
0.0,22877
0.0,22878
1.0,22879
1.0,22880
1.0,22881
0.0,22882
0.0,22883
1.0,22884
1.0,22885
1.0,22886
1.0,22887
1.0,22888
0.0,22889
1.0,22890
1.0,22891
1.0,22892
0.0,22893
1.0,22894
0.0,22895
0.0,22896
0.0,22897
1.0,22898
1.0,22899
1.0,22900
1.0,22901
0.0,22902
0.0,22903
0.0,22904
0.0,22905
1.0,22906
0.0,22907
0.0,22908
1.0,22909
1.0,22910
0.0,22911
1.0,22912
1.0,22913
0.0,22914
1.0,22915
0.0,22916
0.0,22917
0.0,22918
0.0,22919
0.0,22920
0.0,22921
0.0,22922
1.0,22923
1.0,22924
1.0,22925
0.0,22926
0.0,22927
1.0,22928
1.0,22929
1.0,22930
1.0,22931
1.0,22932
0.0,22933
1.0,22934
1.0,22935
1.0,22936
1.0,22937
1.0,22938
0.0,22939
0.0,22940
1.0,22941
0.0,22942
1.0,22943
0.0,22944
0.0,22945
1.0,22946
0.0,22947
1.0,22948
0.0,22949
0.0,22950
0.0,22951
0.0,22952
0.0,22953
0.0,22954
0.0,22955
0.0,22956
1.0,22957
1.0,22958
0.0,22959
1.0,22960
1.0,22961
1.0,22962
0.0,22963
0.0,22964
1.0,22965
1.0,22966
1.0,22967
0.0,22968
0.0,22969
0.0,22970
1.0,22971
0.0,22972
0.0,22973
0.0,22974
0.0,22975
1.0,22976
0.0,22977
0.0,22978
0.0,22979
0.0,22980
1.0,22981
1.0,22982
1.0,22983
0.0,22984
0.0,22985
0.0,22986
0.0,22987
0.0,22988
1.0,22989
0.0,22990
1.0,22991
0.0,22992
0.0,22993
1.0,22994
1.0,22995
1.0,22996
1.0,22997
1.0,22998
0.0,22999
1.0,23000
1.0,23001
1.0,23002
0.0,23003
1.0,23004
1.0,23005
1.0,23006
0.0,23007
0.0,23008
0.0,23009
1.0,23010
1.0,23011
1.0,23012
0.0,23013
0.0,23014
1.0,23015
0.0,23016
1.0,23017
1.0,23018
1.0,23019
1.0,23020
0.0,23021
0.0,23022
1.0,23023
0.0,23024
1.0,23025
1.0,23026
1.0,23027
1.0,23028
1.0,23029
0.0,23030
0.0,23031
1.0,23032
1.0,23033
0.0,23034
0.0,23035
1.0,23036
0.0,23037
0.0,23038
0.0,23039
1.0,23040
1.0,23041
1.0,23042
1.0,23043
0.0,23044
1.0,23045
1.0,23046
1.0,23047
1.0,23048
1.0,23049
1.0,23050
1.0,23051
0.0,23052
1.0,23053
0.0,23054
0.0,23055
0.0,23056
1.0,23057
0.0,23058
1.0,23059
0.0,23060
0.0,23061
1.0,23062
0.0,23063
1.0,23064
0.0,23065
1.0,23066
0.0,23067
0.0,23068
1.0,23069
1.0,23070
0.0,23071
1.0,23072
0.0,23073
1.0,23074
0.0,23075
1.0,23076
1.0,23077
1.0,23078
1.0,23079
0.0,23080
0.0,23081
0.0,23082
1.0,23083
1.0,23084
1.0,23085
0.0,23086
0.0,23087
0.0,23088
0.0,23089
1.0,23090
0.0,23091
0.0,23092
0.0,23093
0.0,23094
1.0,23095
1.0,23096
1.0,23097
0.0,23098
0.0,23099
1.0,23100
1.0,23101
0.0,23102
0.0,23103
0.0,23104
1.0,23105
1.0,23106
1.0,23107
0.0,23108
0.0,23109
0.0,23110
0.0,23111
1.0,23112
0.0,23113
0.0,23114
0.0,23115
0.0,23116
1.0,23117
0.0,23118
1.0,23119
1.0,23120
1.0,23121
0.0,23122
0.0,23123
0.0,23124
1.0,23125
1.0,23126
1.0,23127
0.0,23128
0.0,23129
0.0,23130
1.0,23131
1.0,23132
0.0,23133
0.0,23134
1.0,23135
0.0,23136
0.0,23137
0.0,23138
0.0,23139
1.0,23140
0.0,23141
0.0,23142
0.0,23143
0.0,23144
1.0,23145
1.0,23146
1.0,23147
0.0,23148
0.0,23149
1.0,23150
0.0,23151
0.0,23152
1.0,23153
0.0,23154
1.0,23155
0.0,23156
1.0,23157
1.0,23158
1.0,23159
1.0,23160
1.0,23161
1.0,23162
0.0,23163
1.0,23164
0.0,23165
1.0,23166
1.0,23167
1.0,23168
1.0,23169
0.0,23170
0.0,23171
0.0,23172
0.0,23173
0.0,23174
1.0,23175
0.0,23176
1.0,23177
1.0,23178
0.0,23179
0.0,23180
1.0,23181
0.0,23182
1.0,23183
1.0,23184
1.0,23185
0.0,23186
0.0,23187
0.0,23188
1.0,23189
1.0,23190
1.0,23191
1.0,23192
1.0,23193
0.0,23194
0.0,23195
1.0,23196
0.0,23197
0.0,23198
0.0,23199
0.0,23200
0.0,23201
1.0,23202
1.0,23203
0.0,23204
1.0,23205
0.0,23206
0.0,23207
1.0,23208
0.0,23209
1.0,23210
0.0,23211
0.0,23212
0.0,23213
1.0,23214
0.0,23215
0.0,23216
1.0,23217
1.0,23218
0.0,23219
0.0,23220
1.0,23221
1.0,23222
1.0,23223
1.0,23224
1.0,23225
0.0,23226
0.0,23227
0.0,23228
0.0,23229
1.0,23230
1.0,23231
1.0,23232
1.0,23233
0.0,23234
1.0,23235
1.0,23236
0.0,23237
1.0,23238
0.0,23239
1.0,23240
0.0,23241
1.0,23242
1.0,23243
0.0,23244
0.0,23245
0.0,23246
0.0,23247
0.0,23248
0.0,23249
0.0,23250
0.0,23251
1.0,23252
0.0,23253
0.0,23254
0.0,23255
0.0,23256
1.0,23257
1.0,23258
0.0,23259
1.0,23260
0.0,23261
1.0,23262
1.0,23263
1.0,23264
1.0,23265
1.0,23266
0.0,23267
0.0,23268
1.0,23269
1.0,23270
0.0,23271
0.0,23272
1.0,23273
0.0,23274
0.0,23275
0.0,23276
0.0,23277
0.0,23278
0.0,23279
1.0,23280
1.0,23281
1.0,23282
0.0,23283
1.0,23284
0.0,23285
0.0,23286
1.0,23287
0.0,23288
1.0,23289
1.0,23290
0.0,23291
1.0,23292
0.0,23293
1.0,23294
0.0,23295
1.0,23296
0.0,23297
0.0,23298
0.0,23299
0.0,23300
1.0,23301
1.0,23302
0.0,23303
0.0,23304
1.0,23305
0.0,23306
0.0,23307
1.0,23308
0.0,23309
1.0,23310
0.0,23311
0.0,23312
1.0,23313
1.0,23314
1.0,23315
0.0,23316
1.0,23317
1.0,23318
0.0,23319
0.0,23320
1.0,23321
1.0,23322
0.0,23323
1.0,23324
0.0,23325
1.0,23326
0.0,23327
0.0,23328
0.0,23329
0.0,23330
1.0,23331
0.0,23332
1.0,23333
0.0,23334
1.0,23335
1.0,23336
0.0,23337
0.0,23338
1.0,23339
1.0,23340
0.0,23341
1.0,23342
0.0,23343
0.0,23344
0.0,23345
1.0,23346
0.0,23347
0.0,23348
1.0,23349
1.0,23350
0.0,23351
1.0,23352
0.0,23353
0.0,23354
0.0,23355
1.0,23356
1.0,23357
1.0,23358
1.0,23359
0.0,23360
0.0,23361
0.0,23362
0.0,23363
1.0,23364
0.0,23365
1.0,23366
1.0,23367
1.0,23368
0.0,23369
1.0,23370
0.0,23371
1.0,23372
0.0,23373
0.0,23374
0.0,23375
1.0,23376
1.0,23377
1.0,23378
1.0,23379
0.0,23380
0.0,23381
1.0,23382
1.0,23383
0.0,23384
1.0,23385
1.0,23386
1.0,23387
0.0,23388
1.0,23389
0.0,23390
0.0,23391
0.0,23392
1.0,23393
0.0,23394
1.0,23395
1.0,23396
0.0,23397
1.0,23398
0.0,23399
0.0,23400
0.0,23401
1.0,23402
0.0,23403
1.0,23404
1.0,23405
0.0,23406
1.0,23407
1.0,23408
1.0,23409
1.0,23410
0.0,23411
0.0,23412
1.0,23413
1.0,23414
1.0,23415
1.0,23416
1.0,23417
0.0,23418
0.0,23419
0.0,23420
0.0,23421
0.0,23422
1.0,23423
1.0,23424
0.0,23425
1.0,23426
0.0,23427
0.0,23428
1.0,23429
0.0,23430
0.0,23431
1.0,23432
0.0,23433
1.0,23434
1.0,23435
0.0,23436
0.0,23437
1.0,23438
1.0,23439
1.0,23440
0.0,23441
0.0,23442
1.0,23443
0.0,23444
0.0,23445
1.0,23446
0.0,23447
0.0,23448
1.0,23449
1.0,23450
0.0,23451
0.0,23452
0.0,23453
0.0,23454
1.0,23455
0.0,23456
1.0,23457
1.0,23458
0.0,23459
1.0,23460
0.0,23461
1.0,23462
0.0,23463
1.0,23464
1.0,23465
0.0,23466
1.0,23467
0.0,23468
1.0,23469
1.0,23470
0.0,23471
0.0,23472
1.0,23473
0.0,23474
1.0,23475
1.0,23476
0.0,23477
1.0,23478
1.0,23479
0.0,23480
1.0,23481
1.0,23482
0.0,23483
1.0,23484
1.0,23485
1.0,23486
1.0,23487
1.0,23488
0.0,23489
1.0,23490
0.0,23491
1.0,23492
1.0,23493
1.0,23494
1.0,23495
0.0,23496
0.0,23497
0.0,23498
0.0,23499
1.0,23500
0.0,23501
0.0,23502
0.0,23503
0.0,23504
0.0,23505
0.0,23506
1.0,23507
1.0,23508
1.0,23509
0.0,23510
1.0,23511
1.0,23512
1.0,23513
0.0,23514
0.0,23515
1.0,23516
0.0,23517
0.0,23518
0.0,23519
0.0,23520
0.0,23521
0.0,23522
0.0,23523
0.0,23524
1.0,23525
1.0,23526
1.0,23527
1.0,23528
1.0,23529
1.0,23530
1.0,23531
1.0,23532
1.0,23533
1.0,23534
0.0,23535
0.0,23536
0.0,23537
1.0,23538
0.0,23539
1.0,23540
1.0,23541
0.0,23542
0.0,23543
0.0,23544
1.0,23545
0.0,23546
0.0,23547
0.0,23548
0.0,23549
0.0,23550
0.0,23551
1.0,23552
1.0,23553
1.0,23554
1.0,23555
0.0,23556
1.0,23557
1.0,23558
0.0,23559
1.0,23560
0.0,23561
0.0,23562
1.0,23563
0.0,23564
1.0,23565
0.0,23566
0.0,23567
1.0,23568
1.0,23569
1.0,23570
1.0,23571
0.0,23572
1.0,23573
1.0,23574
0.0,23575
0.0,23576
0.0,23577
1.0,23578
0.0,23579
0.0,23580
0.0,23581
0.0,23582
0.0,23583
1.0,23584
0.0,23585
1.0,23586
1.0,23587
1.0,23588
1.0,23589
1.0,23590
0.0,23591
1.0,23592
1.0,23593
1.0,23594
0.0,23595
1.0,23596
1.0,23597
0.0,23598
1.0,23599
0.0,23600
0.0,23601
0.0,23602
1.0,23603
0.0,23604
1.0,23605
1.0,23606
0.0,23607
1.0,23608
0.0,23609
1.0,23610
0.0,23611
0.0,23612
1.0,23613
1.0,23614
0.0,23615
1.0,23616
1.0,23617
1.0,23618
1.0,23619
0.0,23620
1.0,23621
0.0,23622
0.0,23623
1.0,23624
1.0,23625
1.0,23626
1.0,23627
0.0,23628
1.0,23629
0.0,23630
0.0,23631
1.0,23632
1.0,23633
0.0,23634
0.0,23635
1.0,23636
1.0,23637
1.0,23638
1.0,23639
0.0,23640
1.0,23641
0.0,23642
0.0,23643
1.0,23644
1.0,23645
0.0,23646
1.0,23647
0.0,23648
0.0,23649
1.0,23650
1.0,23651
1.0,23652
0.0,23653
0.0,23654
0.0,23655
0.0,23656
1.0,23657
0.0,23658
0.0,23659
0.0,23660
1.0,23661
1.0,23662
0.0,23663
0.0,23664
0.0,23665
1.0,23666
0.0,23667
0.0,23668
1.0,23669
0.0,23670
0.0,23671
1.0,23672
0.0,23673
0.0,23674
0.0,23675
0.0,23676
1.0,23677
1.0,23678
1.0,23679
1.0,23680
1.0,23681
0.0,23682
1.0,23683
0.0,23684
1.0,23685
1.0,23686
1.0,23687
0.0,23688
0.0,23689
1.0,23690
0.0,23691
0.0,23692
1.0,23693
0.0,23694
0.0,23695
0.0,23696
0.0,23697
1.0,23698
0.0,23699
1.0,23700
1.0,23701
0.0,23702
1.0,23703
1.0,23704
1.0,23705
0.0,23706
0.0,23707
1.0,23708
1.0,23709
1.0,23710
1.0,23711
1.0,23712
1.0,23713
1.0,23714
1.0,23715
1.0,23716
1.0,23717
0.0,23718
1.0,23719
0.0,23720
0.0,23721
1.0,23722
1.0,23723
0.0,23724
0.0,23725
1.0,23726
0.0,23727
0.0,23728
0.0,23729
1.0,23730
0.0,23731
1.0,23732
0.0,23733
0.0,23734
0.0,23735
1.0,23736
0.0,23737
1.0,23738
1.0,23739
0.0,23740
1.0,23741
1.0,23742
0.0,23743
0.0,23744
0.0,23745
1.0,23746
0.0,23747
0.0,23748
0.0,23749
0.0,23750
0.0,23751
0.0,23752
1.0,23753
0.0,23754
1.0,23755
0.0,23756
1.0,23757
1.0,23758
0.0,23759
1.0,23760
1.0,23761
1.0,23762
1.0,23763
0.0,23764
0.0,23765
1.0,23766
0.0,23767
1.0,23768
1.0,23769
0.0,23770
1.0,23771
1.0,23772
0.0,23773
0.0,23774
1.0,23775
0.0,23776
1.0,23777
1.0,23778
0.0,23779
1.0,23780
0.0,23781
0.0,23782
1.0,23783
1.0,23784
1.0,23785
1.0,23786
0.0,23787
1.0,23788
0.0,23789
1.0,23790
1.0,23791
0.0,23792
0.0,23793
0.0,23794
1.0,23795
1.0,23796
0.0,23797
0.0,23798
0.0,23799
1.0,23800
1.0,23801
0.0,23802
1.0,23803
1.0,23804
0.0,23805
0.0,23806
0.0,23807
1.0,23808
1.0,23809
0.0,23810
1.0,23811
0.0,23812
0.0,23813
0.0,23814
1.0,23815
1.0,23816
0.0,23817
0.0,23818
0.0,23819
1.0,23820
1.0,23821
1.0,23822
1.0,23823
1.0,23824
0.0,23825
0.0,23826
0.0,23827
1.0,23828
1.0,23829
1.0,23830
1.0,23831
0.0,23832
0.0,23833
1.0,23834
0.0,23835
1.0,23836
0.0,23837
0.0,23838
1.0,23839
1.0,23840
1.0,23841
0.0,23842
1.0,23843
0.0,23844
1.0,23845
1.0,23846
1.0,23847
1.0,23848
0.0,23849
0.0,23850
1.0,23851
0.0,23852
0.0,23853
0.0,23854
1.0,23855
0.0,23856
0.0,23857
1.0,23858
1.0,23859
0.0,23860
0.0,23861
1.0,23862
0.0,23863
1.0,23864
1.0,23865
1.0,23866
1.0,23867
0.0,23868
0.0,23869
0.0,23870
1.0,23871
0.0,23872
0.0,23873
0.0,23874
0.0,23875
1.0,23876
1.0,23877
0.0,23878
0.0,23879
1.0,23880
1.0,23881
0.0,23882
1.0,23883
1.0,23884
0.0,23885
1.0,23886
1.0,23887
1.0,23888
1.0,23889
1.0,23890
0.0,23891
1.0,23892
0.0,23893
1.0,23894
0.0,23895
0.0,23896
0.0,23897
1.0,23898
0.0,23899
0.0,23900
0.0,23901
1.0,23902
0.0,23903
1.0,23904
1.0,23905
0.0,23906
0.0,23907
0.0,23908
0.0,23909
0.0,23910
1.0,23911
0.0,23912
1.0,23913
1.0,23914
1.0,23915
1.0,23916
1.0,23917
1.0,23918
0.0,23919
1.0,23920
0.0,23921
1.0,23922
1.0,23923
0.0,23924
1.0,23925
1.0,23926
0.0,23927
1.0,23928
1.0,23929
0.0,23930
0.0,23931
0.0,23932
0.0,23933
0.0,23934
0.0,23935
1.0,23936
1.0,23937
0.0,23938
1.0,23939
0.0,23940
0.0,23941
0.0,23942
1.0,23943
0.0,23944
0.0,23945
1.0,23946
1.0,23947
0.0,23948
0.0,23949
1.0,23950
0.0,23951
1.0,23952
0.0,23953
0.0,23954
1.0,23955
0.0,23956
1.0,23957
0.0,23958
1.0,23959
1.0,23960
1.0,23961
1.0,23962
0.0,23963
1.0,23964
1.0,23965
0.0,23966
1.0,23967
1.0,23968
1.0,23969
1.0,23970
1.0,23971
0.0,23972
0.0,23973
0.0,23974
0.0,23975
1.0,23976
0.0,23977
0.0,23978
0.0,23979
1.0,23980
1.0,23981
1.0,23982
0.0,23983
0.0,23984
0.0,23985
0.0,23986
0.0,23987
1.0,23988
0.0,23989
1.0,23990
1.0,23991
1.0,23992
1.0,23993
1.0,23994
1.0,23995
1.0,23996
0.0,23997
0.0,23998
0.0,23999
1.0,24000
1.0,24001
1.0,24002
1.0,24003
0.0,24004
1.0,24005
0.0,24006
0.0,24007
1.0,24008
0.0,24009
0.0,24010
1.0,24011
1.0,24012
0.0,24013
0.0,24014
0.0,24015
1.0,24016
0.0,24017
1.0,24018
0.0,24019
1.0,24020
1.0,24021
0.0,24022
1.0,24023
1.0,24024
1.0,24025
0.0,24026
1.0,24027
0.0,24028
1.0,24029
0.0,24030
0.0,24031
0.0,24032
1.0,24033
0.0,24034
0.0,24035
0.0,24036
1.0,24037
1.0,24038
0.0,24039
0.0,24040
1.0,24041
1.0,24042
1.0,24043
1.0,24044
0.0,24045
1.0,24046
0.0,24047
0.0,24048
1.0,24049
0.0,24050
0.0,24051
0.0,24052
1.0,24053
1.0,24054
1.0,24055
1.0,24056
0.0,24057
1.0,24058
0.0,24059
0.0,24060
0.0,24061
0.0,24062
0.0,24063
0.0,24064
1.0,24065
0.0,24066
0.0,24067
0.0,24068
0.0,24069
1.0,24070
0.0,24071
0.0,24072
1.0,24073
1.0,24074
1.0,24075
1.0,24076
0.0,24077
0.0,24078
0.0,24079
1.0,24080
1.0,24081
1.0,24082
0.0,24083
1.0,24084
0.0,24085
0.0,24086
1.0,24087
0.0,24088
0.0,24089
0.0,24090
1.0,24091
1.0,24092
1.0,24093
1.0,24094
0.0,24095
1.0,24096
0.0,24097
0.0,24098
1.0,24099
0.0,24100
0.0,24101
1.0,24102
1.0,24103
1.0,24104
0.0,24105
0.0,24106
1.0,24107
1.0,24108
0.0,24109
0.0,24110
0.0,24111
1.0,24112
1.0,24113
0.0,24114
1.0,24115
0.0,24116
0.0,24117
0.0,24118
0.0,24119
1.0,24120
1.0,24121
0.0,24122
1.0,24123
1.0,24124
0.0,24125
1.0,24126
1.0,24127
0.0,24128
1.0,24129
0.0,24130
1.0,24131
0.0,24132
1.0,24133
0.0,24134
1.0,24135
0.0,24136
1.0,24137
0.0,24138
0.0,24139
1.0,24140
1.0,24141
1.0,24142
1.0,24143
1.0,24144
1.0,24145
1.0,24146
1.0,24147
1.0,24148
1.0,24149
1.0,24150
0.0,24151
1.0,24152
1.0,24153
0.0,24154
0.0,24155
0.0,24156
0.0,24157
1.0,24158
0.0,24159
0.0,24160
0.0,24161
1.0,24162
0.0,24163
0.0,24164
1.0,24165
0.0,24166
1.0,24167
0.0,24168
1.0,24169
0.0,24170
0.0,24171
0.0,24172
1.0,24173
0.0,24174
0.0,24175
0.0,24176
0.0,24177
1.0,24178
0.0,24179
0.0,24180
0.0,24181
0.0,24182
0.0,24183
1.0,24184
1.0,24185
1.0,24186
0.0,24187
0.0,24188
1.0,24189
0.0,24190
0.0,24191
0.0,24192
1.0,24193
0.0,24194
0.0,24195
0.0,24196
1.0,24197
0.0,24198
0.0,24199
0.0,24200
1.0,24201
0.0,24202
0.0,24203
1.0,24204
1.0,24205
0.0,24206
1.0,24207
0.0,24208
1.0,24209
1.0,24210
0.0,24211
0.0,24212
0.0,24213
1.0,24214
0.0,24215
0.0,24216
0.0,24217
1.0,24218
0.0,24219
1.0,24220
0.0,24221
1.0,24222
1.0,24223
0.0,24224
1.0,24225
0.0,24226
1.0,24227
0.0,24228
0.0,24229
0.0,24230
1.0,24231
0.0,24232
0.0,24233
1.0,24234
1.0,24235
1.0,24236
0.0,24237
0.0,24238
1.0,24239
1.0,24240
0.0,24241
1.0,24242
1.0,24243
0.0,24244
1.0,24245
1.0,24246
1.0,24247
0.0,24248
0.0,24249
0.0,24250
1.0,24251
0.0,24252
1.0,24253
1.0,24254
1.0,24255
1.0,24256
0.0,24257
1.0,24258
1.0,24259
0.0,24260
0.0,24261
0.0,24262
0.0,24263
0.0,24264
1.0,24265
0.0,24266
0.0,24267
1.0,24268
1.0,24269
0.0,24270
0.0,24271
0.0,24272
1.0,24273
0.0,24274
1.0,24275
0.0,24276
1.0,24277
1.0,24278
1.0,24279
0.0,24280
1.0,24281
0.0,24282
0.0,24283
0.0,24284
1.0,24285
0.0,24286
0.0,24287
1.0,24288
1.0,24289
0.0,24290
1.0,24291
1.0,24292
0.0,24293
1.0,24294
1.0,24295
0.0,24296
0.0,24297
0.0,24298
1.0,24299
1.0,24300
1.0,24301
0.0,24302
1.0,24303
0.0,24304
0.0,24305
0.0,24306
0.0,24307
1.0,24308
1.0,24309
0.0,24310
0.0,24311
1.0,24312
0.0,24313
0.0,24314
0.0,24315
0.0,24316
0.0,24317
0.0,24318
1.0,24319
0.0,24320
0.0,24321
0.0,24322
0.0,24323
1.0,24324
1.0,24325
0.0,24326
1.0,24327
0.0,24328
0.0,24329
0.0,24330
1.0,24331
1.0,24332
0.0,24333
1.0,24334
1.0,24335
0.0,24336
1.0,24337
0.0,24338
1.0,24339
0.0,24340
0.0,24341
1.0,24342
0.0,24343
0.0,24344
0.0,24345
0.0,24346
1.0,24347
0.0,24348
1.0,24349
1.0,24350
1.0,24351
0.0,24352
0.0,24353
0.0,24354
1.0,24355
0.0,24356
1.0,24357
0.0,24358
1.0,24359
0.0,24360
1.0,24361
0.0,24362
0.0,24363
0.0,24364
0.0,24365
0.0,24366
1.0,24367
1.0,24368
0.0,24369
0.0,24370
0.0,24371
1.0,24372
0.0,24373
1.0,24374
0.0,24375
0.0,24376
0.0,24377
1.0,24378
0.0,24379
0.0,24380
0.0,24381
1.0,24382
1.0,24383
1.0,24384
1.0,24385
1.0,24386
1.0,24387
1.0,24388
1.0,24389
1.0,24390
0.0,24391
0.0,24392
0.0,24393
0.0,24394
1.0,24395
1.0,24396
0.0,24397
1.0,24398
0.0,24399
1.0,24400
0.0,24401
0.0,24402
0.0,24403
1.0,24404
0.0,24405
0.0,24406
0.0,24407
1.0,24408
0.0,24409
1.0,24410
1.0,24411
0.0,24412
1.0,24413
1.0,24414
0.0,24415
1.0,24416
1.0,24417
0.0,24418
0.0,24419
1.0,24420
0.0,24421
1.0,24422
1.0,24423
1.0,24424
1.0,24425
0.0,24426
0.0,24427
0.0,24428
0.0,24429
0.0,24430
1.0,24431
1.0,24432
0.0,24433
0.0,24434
1.0,24435
1.0,24436
1.0,24437
1.0,24438
1.0,24439
0.0,24440
0.0,24441
1.0,24442
1.0,24443
0.0,24444
1.0,24445
0.0,24446
0.0,24447
1.0,24448
0.0,24449
1.0,24450
0.0,24451
1.0,24452
0.0,24453
1.0,24454
1.0,24455
1.0,24456
1.0,24457
1.0,24458
1.0,24459
1.0,24460
1.0,24461
1.0,24462
1.0,24463
1.0,24464
0.0,24465
1.0,24466
1.0,24467
0.0,24468
0.0,24469
0.0,24470
1.0,24471
0.0,24472
1.0,24473
1.0,24474
1.0,24475
1.0,24476
0.0,24477
0.0,24478
0.0,24479
1.0,24480
1.0,24481
0.0,24482
1.0,24483
1.0,24484
1.0,24485
0.0,24486
0.0,24487
0.0,24488
0.0,24489
0.0,24490
1.0,24491
1.0,24492
1.0,24493
0.0,24494
0.0,24495
0.0,24496
0.0,24497
1.0,24498
1.0,24499
1.0,24500
1.0,24501
1.0,24502
0.0,24503
1.0,24504
0.0,24505
1.0,24506
1.0,24507
1.0,24508
1.0,24509
0.0,24510
1.0,24511
0.0,24512
1.0,24513
0.0,24514
1.0,24515
1.0,24516
0.0,24517
1.0,24518
1.0,24519
0.0,24520
0.0,24521
1.0,24522
0.0,24523
1.0,24524
0.0,24525
1.0,24526
1.0,24527
1.0,24528
0.0,24529
0.0,24530
1.0,24531
1.0,24532
0.0,24533
0.0,24534
1.0,24535
1.0,24536
1.0,24537
1.0,24538
0.0,24539
1.0,24540
1.0,24541
1.0,24542
1.0,24543
0.0,24544
1.0,24545
1.0,24546
0.0,24547
0.0,24548
0.0,24549
1.0,24550
1.0,24551
0.0,24552
0.0,24553
0.0,24554
1.0,24555
1.0,24556
0.0,24557
1.0,24558
1.0,24559
1.0,24560
1.0,24561
1.0,24562
0.0,24563
0.0,24564
0.0,24565
0.0,24566
0.0,24567
0.0,24568
1.0,24569
0.0,24570
0.0,24571
1.0,24572
0.0,24573
0.0,24574
1.0,24575
0.0,24576
1.0,24577
0.0,24578
0.0,24579
0.0,24580
1.0,24581
1.0,24582
0.0,24583
1.0,24584
0.0,24585
0.0,24586
0.0,24587
1.0,24588
1.0,24589
1.0,24590
1.0,24591
1.0,24592
1.0,24593
0.0,24594
1.0,24595
1.0,24596
1.0,24597
1.0,24598
1.0,24599
1.0,24600
0.0,24601
0.0,24602
0.0,24603
0.0,24604
0.0,24605
0.0,24606
1.0,24607
1.0,24608
0.0,24609
1.0,24610
0.0,24611
1.0,24612
0.0,24613
0.0,24614
1.0,24615
0.0,24616
1.0,24617
0.0,24618
0.0,24619
1.0,24620
1.0,24621
0.0,24622
1.0,24623
1.0,24624
0.0,24625
1.0,24626
1.0,24627
1.0,24628
1.0,24629
0.0,24630
1.0,24631
1.0,24632
1.0,24633
0.0,24634
1.0,24635
0.0,24636
1.0,24637
0.0,24638
1.0,24639
1.0,24640
0.0,24641
1.0,24642
0.0,24643
0.0,24644
1.0,24645
0.0,24646
1.0,24647
1.0,24648
0.0,24649
1.0,24650
0.0,24651
1.0,24652
1.0,24653
0.0,24654
1.0,24655
1.0,24656
1.0,24657
0.0,24658
1.0,24659
0.0,24660
0.0,24661
0.0,24662
0.0,24663
0.0,24664
1.0,24665
0.0,24666
1.0,24667
1.0,24668
0.0,24669
0.0,24670
1.0,24671
0.0,24672
0.0,24673
1.0,24674
0.0,24675
0.0,24676
0.0,24677
1.0,24678
1.0,24679
0.0,24680
0.0,24681
1.0,24682
1.0,24683
0.0,24684
1.0,24685
1.0,24686
1.0,24687
0.0,24688
0.0,24689
0.0,24690
1.0,24691
0.0,24692
1.0,24693
0.0,24694
0.0,24695
0.0,24696
1.0,24697
0.0,24698
1.0,24699
0.0,24700
1.0,24701
1.0,24702
1.0,24703
0.0,24704
1.0,24705
0.0,24706
1.0,24707
0.0,24708
1.0,24709
0.0,24710
0.0,24711
0.0,24712
0.0,24713
0.0,24714
0.0,24715
1.0,24716
0.0,24717
0.0,24718
1.0,24719
1.0,24720
1.0,24721
0.0,24722
0.0,24723
0.0,24724
1.0,24725
0.0,24726
1.0,24727
1.0,24728
0.0,24729
1.0,24730
1.0,24731
0.0,24732
0.0,24733
1.0,24734
1.0,24735
0.0,24736
0.0,24737
1.0,24738
0.0,24739
1.0,24740
0.0,24741
1.0,24742
1.0,24743
0.0,24744
1.0,24745
1.0,24746
0.0,24747
1.0,24748
1.0,24749
0.0,24750
0.0,24751
1.0,24752
0.0,24753
1.0,24754
1.0,24755
1.0,24756
1.0,24757
0.0,24758
0.0,24759
0.0,24760
0.0,24761
0.0,24762
1.0,24763
1.0,24764
1.0,24765
0.0,24766
0.0,24767
0.0,24768
1.0,24769
1.0,24770
0.0,24771
0.0,24772
0.0,24773
1.0,24774
0.0,24775
0.0,24776
1.0,24777
1.0,24778
1.0,24779
1.0,24780
1.0,24781
1.0,24782
0.0,24783
0.0,24784
1.0,24785
1.0,24786
0.0,24787
1.0,24788
1.0,24789
0.0,24790
1.0,24791
1.0,24792
1.0,24793
0.0,24794
0.0,24795
0.0,24796
0.0,24797
0.0,24798
1.0,24799
0.0,24800
1.0,24801
0.0,24802
1.0,24803
1.0,24804
0.0,24805
1.0,24806
0.0,24807
0.0,24808
0.0,24809
1.0,24810
1.0,24811
1.0,24812
0.0,24813
1.0,24814
1.0,24815
0.0,24816
1.0,24817
1.0,24818
1.0,24819
0.0,24820
1.0,24821
0.0,24822
0.0,24823
1.0,24824
0.0,24825
0.0,24826
1.0,24827
1.0,24828
1.0,24829
0.0,24830
0.0,24831
0.0,24832
0.0,24833
0.0,24834
1.0,24835
1.0,24836
1.0,24837
0.0,24838
1.0,24839
1.0,24840
1.0,24841
1.0,24842
0.0,24843
1.0,24844
1.0,24845
0.0,24846
1.0,24847
1.0,24848
1.0,24849
0.0,24850
1.0,24851
1.0,24852
0.0,24853
0.0,24854
0.0,24855
0.0,24856
0.0,24857
1.0,24858
1.0,24859
0.0,24860
1.0,24861
0.0,24862
0.0,24863
0.0,24864
1.0,24865
1.0,24866
1.0,24867
1.0,24868
1.0,24869
0.0,24870
0.0,24871
0.0,24872
0.0,24873
1.0,24874
0.0,24875
1.0,24876
0.0,24877
0.0,24878
1.0,24879
1.0,24880
1.0,24881
1.0,24882
0.0,24883
1.0,24884
1.0,24885
0.0,24886
0.0,24887
1.0,24888
1.0,24889
1.0,24890
0.0,24891
0.0,24892
1.0,24893
1.0,24894
1.0,24895
1.0,24896
1.0,24897
0.0,24898
0.0,24899
0.0,24900
0.0,24901
1.0,24902
1.0,24903
1.0,24904
1.0,24905
1.0,24906
1.0,24907
1.0,24908
1.0,24909
0.0,24910
1.0,24911
1.0,24912
1.0,24913
0.0,24914
0.0,24915
1.0,24916
1.0,24917
0.0,24918
1.0,24919
0.0,24920
1.0,24921
0.0,24922
0.0,24923
0.0,24924
1.0,24925
1.0,24926
0.0,24927
1.0,24928
1.0,24929
1.0,24930
1.0,24931
1.0,24932
1.0,24933
1.0,24934
1.0,24935
1.0,24936
0.0,24937
1.0,24938
0.0,24939
1.0,24940
0.0,24941
0.0,24942
0.0,24943
1.0,24944
0.0,24945
0.0,24946
0.0,24947
0.0,24948
0.0,24949
1.0,24950
0.0,24951
0.0,24952
1.0,24953
0.0,24954
0.0,24955
1.0,24956
0.0,24957
1.0,24958
1.0,24959
,24960
,24961
,24962
,24963
,24964
,24965
,24966
,24967
,24968
,24969
,24970
,24971
,24972
,24973
,24974
,24975
,24976
,24977
,24978
,24979
,24980
,24981
,24982
,24983
,24984
,24985
,24986
,24987
,24988
,24989
,24990
,24991
,24992
,24993
,24994
,24995
,24996
,24997
,24998
,24999
,25000
,25001
,25002
,25003
,25004
,25005
,25006
,25007
,25008
,25009
,25010
,25011
,25012
,25013
,25014
,25015
,25016
,25017
,25018
,25019
,25020
,25021
,25022
,25023
,25024
,25025
,25026
,25027
,25028
,25029
,25030
,25031
,25032
,25033
,25034
,25035
,25036
,25037
,25038
,25039
,25040
,25041
,25042
,25043
,25044
,25045
,25046
,25047
,25048
,25049
,25050
,25051
,25052
,25053
,25054
,25055
,25056
,25057
,25058
,25059
,25060
,25061
,25062
,25063
,25064
,25065
,25066
,25067
,25068
,25069
,25070
,25071
,25072
,25073
,25074
,25075
,25076
,25077
,25078
,25079
,25080
,25081
,25082
,25083
,25084
,25085
,25086
,25087
,25088
,25089
,25090
,25091
,25092
,25093
,25094
,25095
,25096
,25097
,25098
,25099
,25100
,25101
,25102
,25103
,25104
,25105
,25106
,25107
,25108
,25109
,25110
,25111
,25112
,25113
,25114
,25115
,25116
,25117
,25118
,25119
,25120
,25121
,25122
,25123
,25124
,25125
,25126
,25127
,25128
,25129
,25130
,25131
,25132
,25133
,25134
,25135
,25136
,25137
,25138
,25139
,25140
,25141
,25142
,25143
,25144
,25145
,25146
,25147
,25148
,25149
,25150
,25151
,25152
,25153
,25154
,25155
,25156
,25157
,25158
,25159
,25160
,25161
,25162
,25163
,25164
,25165
,25166
,25167
,25168
,25169
,25170
,25171
,25172
,25173
,25174
,25175
,25176
,25177
,25178
,25179
,25180
,25181
,25182
,25183
,25184
,25185
,25186
,25187
,25188
,25189
,25190
,25191
,25192
,25193
,25194
,25195
,25196
,25197
,25198
,25199
,25200
,25201
,25202
,25203
,25204
,25205
,25206
,25207
,25208
,25209
,25210
,25211
,25212
,25213
,25214
,25215
,25216
,25217
,25218
,25219
,25220
,25221
,25222
,25223
,25224
,25225
,25226
,25227
,25228
,25229
,25230
,25231
,25232
,25233
,25234
,25235
,25236
,25237
,25238
,25239
,25240
,25241
,25242
,25243
,25244
,25245
,25246
,25247
,25248
,25249
,25250
,25251
,25252
,25253
,25254
,25255
,25256
,25257
,25258
,25259
,25260
,25261
,25262
,25263
,25264
,25265
,25266
,25267
,25268
,25269
,25270
,25271
,25272
,25273
,25274
,25275
,25276
,25277
,25278
,25279
,25280
,25281
,25282
,25283
,25284
,25285
,25286
,25287
,25288
,25289
,25290
,25291
,25292
,25293
,25294
,25295
,25296
,25297
,25298
,25299
,25300
,25301
,25302
,25303
,25304
,25305
,25306
,25307
,25308
,25309
,25310
,25311
,25312
,25313
,25314
,25315
,25316
,25317
,25318
,25319
,25320
,25321
,25322
,25323
,25324
,25325
,25326
,25327
,25328
,25329
,25330
,25331
,25332
,25333
,25334
,25335
,25336
,25337
,25338
,25339
,25340
,25341
,25342
,25343
,25344
,25345
,25346
,25347
,25348
,25349
,25350
,25351
,25352
,25353
,25354
,25355
,25356
,25357
,25358
,25359
,25360
,25361
,25362
,25363
,25364
,25365
,25366
,25367
,25368
,25369
,25370
,25371
,25372
,25373
,25374
,25375
,25376
,25377
,25378
,25379
,25380
,25381
,25382
,25383
,25384
,25385
,25386
,25387
,25388
,25389
,25390
,25391
,25392
,25393
,25394
,25395
,25396
,25397
,25398
,25399
,25400
,25401
,25402
,25403
,25404
,25405
,25406
,25407
,25408
,25409
,25410
,25411
,25412
,25413
,25414
,25415
,25416
,25417
,25418
,25419
,25420
,25421
,25422
,25423
,25424
,25425
,25426
,25427
,25428
,25429
,25430
,25431
,25432
,25433
,25434
,25435
,25436
,25437
,25438
,25439
,25440
,25441
,25442
,25443
,25444
,25445
,25446
,25447
,25448
,25449
,25450
,25451
,25452
,25453
,25454
,25455
,25456
,25457
,25458
,25459
,25460
,25461
,25462
,25463
,25464
,25465
,25466
,25467
,25468
,25469
,25470
,25471
,25472
,25473
,25474
,25475
,25476
,25477
,25478
,25479
,25480
,25481
,25482
,25483
,25484
,25485
,25486
,25487
,25488
,25489
,25490
,25491
,25492
,25493
,25494
,25495
,25496
,25497
,25498
,25499
,25500
,25501
,25502
,25503
,25504
,25505
,25506
,25507
,25508
,25509
,25510
,25511
,25512
,25513
,25514
,25515
,25516
,25517
,25518
,25519
,25520
,25521
,25522
,25523
,25524
,25525
,25526
,25527
,25528
,25529
,25530
,25531
,25532
,25533
,25534
,25535
,25536
,25537
,25538
,25539
,25540
,25541
,25542
,25543
,25544
,25545
,25546
,25547
,25548
,25549
,25550
,25551
,25552
,25553
,25554
,25555
,25556
,25557
,25558
,25559
,25560
,25561
,25562
,25563
,25564
,25565
,25566
,25567
,25568
,25569
,25570
,25571
,25572
,25573
,25574
,25575
,25576
,25577
,25578
,25579
,25580
,25581
,25582
,25583
,25584
,25585
,25586
,25587
,25588
,25589
,25590
,25591
,25592
,25593
,25594
,25595
,25596
,25597
,25598
,25599
,25600
,25601
,25602
,25603
,25604
,25605
,25606
,25607
,25608
,25609
,25610
,25611
,25612
,25613
,25614
,25615
,25616
,25617
,25618
,25619
,25620
,25621
,25622
,25623
,25624
,25625
,25626
,25627
,25628
,25629
,25630
,25631
,25632
,25633
,25634
,25635
,25636
,25637
,25638
,25639
,25640
,25641
,25642
,25643
,25644
,25645
,25646
,25647
,25648
,25649
,25650
,25651
,25652
,25653
,25654
,25655
,25656
,25657
,25658
,25659
,25660
,25661
,25662
,25663
,25664
,25665
,25666
,25667
,25668
,25669
,25670
,25671
,25672
,25673
,25674
,25675
,25676
,25677
,25678
,25679
,25680
,25681
,25682
,25683
,25684
,25685
,25686
,25687
,25688
,25689
,25690
,25691
,25692
,25693
,25694
,25695
,25696
,25697
,25698
,25699
,25700
,25701
,25702
,25703
,25704
,25705
,25706
,25707
,25708
,25709
,25710
,25711
,25712
,25713
,25714
,25715
,25716
,25717
,25718
,25719
,25720
,25721
,25722
,25723
,25724
,25725
,25726
,25727
,25728
,25729
,25730
,25731
,25732
,25733
,25734
,25735
,25736
,25737
,25738
,25739
,25740
,25741
,25742
,25743
,25744
,25745
,25746
,25747
,25748
,25749
,25750
,25751
,25752
,25753
,25754
,25755
,25756
,25757
,25758
,25759
,25760
,25761
,25762
,25763
,25764
,25765
,25766
,25767
,25768
,25769
,25770
,25771
,25772
,25773
,25774
,25775
,25776
,25777
,25778
,25779
,25780
,25781
,25782
,25783
,25784
,25785
,25786
,25787
,25788
,25789
,25790
,25791
,25792
,25793
,25794
,25795
,25796
,25797
,25798
,25799
,25800
,25801
,25802
,25803
,25804
,25805
,25806
,25807
,25808
,25809
,25810
,25811
,25812
,25813
,25814
,25815
,25816
,25817
,25818
,25819
,25820
,25821
,25822
,25823
,25824
,25825
,25826
,25827
,25828
,25829
,25830
,25831
,25832
,25833
,25834
,25835
,25836
,25837
,25838
,25839
,25840
,25841
,25842
,25843
,25844
,25845
,25846
,25847
,25848
,25849
,25850
,25851
,25852
,25853
,25854
,25855
,25856
,25857
,25858
,25859
,25860
,25861
,25862
,25863
,25864
,25865
,25866
,25867
,25868
,25869
,25870
,25871
,25872
,25873
,25874
,25875
,25876
,25877
,25878
,25879
,25880
,25881
,25882
,25883
,25884
,25885
,25886
,25887
,25888
,25889
,25890
,25891
,25892
,25893
,25894
,25895
,25896
,25897
,25898
,25899
,25900
,25901
,25902
,25903
,25904
,25905
,25906
,25907
,25908
,25909
,25910
,25911
,25912
,25913
,25914
,25915
,25916
,25917
,25918
,25919
,25920
,25921
,25922
,25923
,25924
,25925
,25926
,25927
,25928
,25929
,25930
,25931
,25932
,25933
,25934
,25935
,25936
,25937
,25938
,25939
,25940
,25941
,25942
,25943
,25944
,25945
,25946
,25947
,25948
,25949
,25950
,25951
,25952
,25953
,25954
,25955
,25956
,25957
,25958
,25959
,25960
,25961
,25962
,25963
,25964
,25965
,25966
,25967
,25968
,25969
,25970
,25971
,25972
,25973
,25974
,25975
,25976
,25977
,25978
,25979
,25980
,25981
,25982
,25983
,25984
,25985
,25986
,25987
,25988
,25989
,25990
,25991
,25992
,25993
,25994
,25995
,25996
,25997
,25998
,25999
